<?xml version='1.0' encoding='UTF-8'?>
<package uuid="iconic_gestures-993b80">
 <names>
  <name lang="en_US">iconic_gestures</name>
 </names>
 <supportedLanguages>
  <language>en_US</language>
 </supportedLanguages>
 <descriptionLanguages>
  <language>en_US</language>
 </descriptionLanguages>
 <contents>
  <behaviorContent path="iconics/in">
   <nature>interactive</nature>
   <permissions/>
  </behaviorContent>
  <behaviorContent path="iconics/on">
   <nature>interactive</nature>
   <permissions/>
  </behaviorContent>
  <behaviorContent path="iconics/above">
   <nature>interactive</nature>
   <permissions/>
  </behaviorContent>
  <behaviorContent path="iconics/next_to">
   <nature>interactive</nature>
   <permissions/>
  </behaviorContent>
  <behaviorContent path="iconics/behind">
   <nature>interactive</nature>
   <permissions/>
  </behaviorContent>
  <behaviorContent path="iconics/add">
   <nature>interactive</nature>
   <permissions/>
  </behaviorContent>
  <behaviorContent path="iconics/below">
   <nature>interactive</nature>
   <permissions/>
  </behaviorContent>
  <behaviorContent path="iconics/big">
   <nature>interactive</nature>
   <permissions/>
  </behaviorContent>
  <behaviorContent path="iconics/catching">
   <nature>interactive</nature>
   <permissions/>
  </behaviorContent>
  <behaviorContent path="iconics/climbing">
   <nature>interactive</nature>
   <permissions/>
  </behaviorContent>
  <behaviorContent path="iconics/falling">
   <nature>interactive</nature>
   <permissions/>
  </behaviorContent>
  <behaviorContent path="iconics/fewer">
   <nature>interactive</nature>
   <permissions/>
  </behaviorContent>
  <behaviorContent path="iconics/fewest">
   <nature>interactive</nature>
   <permissions/>
  </behaviorContent>
  <behaviorContent path="iconics/five">
   <nature>interactive</nature>
   <permissions/>
  </behaviorContent>
  <behaviorContent path="iconics/flying">
   <nature>interactive</nature>
   <permissions/>
  </behaviorContent>
  <behaviorContent path="iconics/four">
   <nature>interactive</nature>
   <permissions/>
  </behaviorContent>
  <behaviorContent path="iconics/heavy">
   <nature>interactive</nature>
   <permissions/>
  </behaviorContent>
  <behaviorContent path="iconics/high">
   <nature>interactive</nature>
   <permissions/>
  </behaviorContent>
  <behaviorContent path="iconics/in_front_of">
   <nature>interactive</nature>
   <permissions/>
  </behaviorContent>
  <behaviorContent path="iconics/jumping">
   <nature>interactive</nature>
   <permissions/>
  </behaviorContent>
  <behaviorContent path="iconics/left">
   <nature>interactive</nature>
   <permissions/>
  </behaviorContent>
  <behaviorContent path="iconics/light">
   <nature>interactive</nature>
   <permissions/>
  </behaviorContent>
  <behaviorContent path="iconics/low">
   <nature>interactive</nature>
   <permissions/>
  </behaviorContent>
  <behaviorContent path="iconics/more">
   <nature>interactive</nature>
   <permissions/>
  </behaviorContent>
  <behaviorContent path="iconics/one">
   <nature>interactive</nature>
   <permissions/>
  </behaviorContent>
  <behaviorContent path="iconics/right">
   <nature>interactive</nature>
   <permissions/>
  </behaviorContent>
  <behaviorContent path="iconics/running">
   <nature>interactive</nature>
   <permissions/>
  </behaviorContent>
  <behaviorContent path="iconics/sliding">
   <nature>interactive</nature>
   <permissions/>
  </behaviorContent>
  <behaviorContent path="iconics/small">
   <nature>interactive</nature>
   <permissions/>
  </behaviorContent>
  <behaviorContent path="iconics/take_away">
   <nature>interactive</nature>
   <permissions/>
  </behaviorContent>
  <behaviorContent path="iconics/three">
   <nature>interactive</nature>
   <permissions/>
  </behaviorContent>
  <behaviorContent path="iconics/throwing">
   <nature>interactive</nature>
   <permissions/>
  </behaviorContent>
  <behaviorContent path="iconics/walking">
   <nature>interactive</nature>
   <permissions/>
  </behaviorContent>
  <behaviorContent path="iconics/most">
   <nature>interactive</nature>
   <permissions/>
  </behaviorContent>
  <behaviorContent path="iconics/two">
   <nature>interactive</nature>
   <permissions/>
  </behaviorContent>
 </contents>
</package>
