<?xml version='1.0' encoding='UTF-8'?>
<package uuid="gaze-52abce">
 <names>
  <name lang="en_US">gaze</name>
 </names>
 <supportedLanguages>
  <language>en_US</language>
 </supportedLanguages>
 <descriptionLanguages>
  <language>en_US</language>
 </descriptionLanguages>
 <contents>
  <behaviorContent path="gaze/child">
   <nature>interactive</nature>
   <permissions/>
  </behaviorContent>
  <behaviorContent path="gaze/tablet">
   <nature>interactive</nature>
   <permissions/>
  </behaviorContent>
  <behaviorContent path="pointing/tablet">
   <nature>interactive</nature>
   <permissions/>
  </behaviorContent>
  <behaviorContent path="touch/tablet">
   <nature>interactive</nature>
   <permissions/>
  </behaviorContent>
  <behaviorContent path="move/tablet">
   <nature>interactive</nature>
   <permissions/>
  </behaviorContent>
  <behaviorContent path="custom/blinking">
   <nature>interactive</nature>
   <permissions/>
  </behaviorContent>
 </contents>
</package>
